{
    "extraction_strength": 0.11592608145179481,
    "forget_Q_A_Prob": 0.38630399506539104,
    "forget_truth_ratio": 0.633954763327923,
    "retain_Q_A_Prob": 0.3705969266593456
}