{
    "forget_quality": 0.07729703110863351,
    "forget_truth_ratio": 0.7395280760914379,
    "model_utility": 0.38097683985325087
}