{
    "extraction_strength": 0.10741761531452855,
    "forget_Q_A_Prob": 0.38705322265625,
    "forget_Q_A_ROUGE": 0.439670516104406,
    "forget_quality": 0.0006002877075413837,
    "forget_truth_ratio": 0.5861864995150864,
    "model_utility": 0.49801177501530824,
    "privleak": -69.34474614982862
}