{
    "extraction_strength": 0.15616021585222578,
    "forget_Q_A_Prob": 0.5202734375,
    "forget_Q_A_ROUGE": 0.4850834411012457,
    "forget_quality": 1.6096712589488792e-05,
    "forget_truth_ratio": 0.5126865190580557,
    "model_utility": 0.5261070579137321,
    "privleak": -92.29161745600159
}